ID da pessoa,genero,idade,ocupacao,qualidade do sono,tempo diario de atividade fisica,nivel de estresse,classificacao do IMC,batimentos cardiacos,passos diarios,transtorno do sono,duracao do sono (min),pressao sistolica,pressao diastolica,categoria qualidade do sono,classificacao pressao
1,masculino,27,engenheiro(a) de software,6,42,6,sobrepeso,77,4200,sem transtorno,366.0,126,83,moderada,pré-hipertensão
2,masculino,28,medico(a),6,60,8,peso normal,75,10000,sem transtorno,372.0,125,80,moderada,normal
3,masculino,28,medico(a),6,60,8,peso normal,75,10000,sem transtorno,372.0,125,80,moderada,normal
4,masculino,28,representante de vendas,4,30,8,obesidade,85,3000,com transtorno,354.0,140,90,ruim,hipertensão estágio 1
5,masculino,28,representante de vendas,4,30,8,obesidade,85,3000,com transtorno,354.0,140,90,ruim,hipertensão estágio 1
6,masculino,28,engenheiro(a) de software,4,30,8,obesidade,85,3000,com transtorno,354.0,140,90,ruim,hipertensão estágio 1
7,masculino,29,professor(a),6,40,7,obesidade,82,3500,com transtorno,378.0,140,90,moderada,hipertensão estágio 1
8,masculino,29,medico(a),7,75,6,peso normal,70,8000,sem transtorno,468.0,120,80,boa,normal
9,masculino,29,medico(a),7,75,6,peso normal,70,8000,sem transtorno,468.0,120,80,boa,normal
10,masculino,29,medico(a),7,75,6,peso normal,70,8000,sem transtorno,468.0,120,80,boa,normal
11,masculino,29,medico(a),6,30,8,peso normal,70,8000,sem transtorno,366.0,120,80,moderada,normal
12,masculino,29,medico(a),7,75,6,peso normal,70,8000,sem transtorno,468.0,120,80,boa,normal
13,masculino,29,medico(a),6,30,8,peso normal,70,8000,sem transtorno,366.0,120,80,moderada,normal
14,masculino,29,medico(a),6,30,8,peso normal,70,8000,sem transtorno,360.0,120,80,moderada,normal
15,masculino,29,medico(a),6,30,8,peso normal,70,8000,sem transtorno,360.0,120,80,moderada,normal
16,masculino,29,medico(a),6,30,8,peso normal,70,8000,sem transtorno,360.0,120,80,moderada,normal
17,feminino,29,enfermeiro(a),5,40,7,peso normal,80,4000,com transtorno,390.0,132,87,moderada,pré-hipertensão
18,masculino,29,medico(a),6,30,8,peso normal,70,8000,com transtorno,360.0,120,80,moderada,normal
19,feminino,29,enfermeiro(a),5,40,7,peso normal,80,4000,com transtorno,390.0,132,87,moderada,pré-hipertensão
20,masculino,30,medico(a),7,75,6,peso normal,70,8000,sem transtorno,456.0,120,80,boa,normal
21,masculino,30,medico(a),7,75,6,peso normal,70,8000,sem transtorno,462.0,120,80,boa,normal
22,masculino,30,medico(a),7,75,6,peso normal,70,8000,sem transtorno,462.0,120,80,boa,normal
23,masculino,30,medico(a),7,75,6,peso normal,70,8000,sem transtorno,462.0,120,80,boa,normal
24,masculino,30,medico(a),7,75,6,peso normal,70,8000,sem transtorno,462.0,120,80,boa,normal
25,masculino,30,medico(a),7,75,6,peso normal,70,8000,sem transtorno,468.0,120,80,boa,normal
26,masculino,30,medico(a),7,75,6,peso normal,70,8000,sem transtorno,474.0,120,80,boa,normal
27,masculino,30,medico(a),7,75,6,peso normal,70,8000,sem transtorno,468.0,120,80,boa,normal
28,masculino,30,medico(a),7,75,6,peso normal,70,8000,sem transtorno,474.0,120,80,boa,normal
29,masculino,30,medico(a),7,75,6,peso normal,70,8000,sem transtorno,474.0,120,80,boa,normal
30,masculino,30,medico(a),7,75,6,peso normal,70,8000,sem transtorno,474.0,120,80,boa,normal
31,feminino,30,enfermeiro(a),5,35,7,peso normal,78,4100,com transtorno,384.0,130,86,moderada,pré-hipertensão
32,feminino,30,enfermeiro(a),5,35,7,peso normal,78,4100,com transtorno,384.0,130,86,moderada,pré-hipertensão
33,feminino,31,enfermeiro(a),8,75,4,peso normal,69,6800,sem transtorno,474.0,117,76,boa,normal
34,masculino,31,medico(a),6,30,8,peso normal,72,5000,sem transtorno,366.0,125,80,moderada,normal
35,masculino,31,medico(a),7,75,6,peso normal,70,8000,sem transtorno,462.0,120,80,boa,normal
36,masculino,31,medico(a),6,30,8,peso normal,72,5000,sem transtorno,366.0,125,80,moderada,normal
37,masculino,31,medico(a),6,30,8,peso normal,72,5000,sem transtorno,366.0,125,80,moderada,normal
38,masculino,31,medico(a),7,75,6,peso normal,70,8000,sem transtorno,456.0,120,80,boa,normal
39,masculino,31,medico(a),7,75,6,peso normal,70,8000,sem transtorno,456.0,120,80,boa,normal
40,masculino,31,medico(a),7,75,6,peso normal,70,8000,sem transtorno,456.0,120,80,boa,normal
41,masculino,31,medico(a),7,75,6,peso normal,70,8000,sem transtorno,462.0,120,80,boa,normal
42,masculino,31,medico(a),7,75,6,peso normal,70,8000,sem transtorno,462.0,120,80,boa,normal
43,masculino,31,medico(a),7,75,6,peso normal,70,8000,sem transtorno,462.0,120,80,boa,normal
44,masculino,31,medico(a),7,75,6,peso normal,70,8000,sem transtorno,468.0,120,80,boa,normal
45,masculino,31,medico(a),7,75,6,peso normal,70,8000,sem transtorno,462.0,120,80,boa,normal
46,masculino,31,medico(a),7,75,6,peso normal,70,8000,sem transtorno,468.0,120,80,boa,normal
47,masculino,31,medico(a),7,75,6,peso normal,70,8000,sem transtorno,462.0,120,80,boa,normal
48,masculino,31,medico(a),7,75,6,peso normal,70,8000,sem transtorno,468.0,120,80,boa,normal
49,masculino,31,medico(a),7,75,6,peso normal,70,8000,sem transtorno,462.0,120,80,boa,normal
50,masculino,31,medico(a),7,75,6,peso normal,70,8000,com transtorno,462.0,120,80,boa,normal
51,masculino,32,engenheiro(a),8,45,3,peso normal,70,8000,sem transtorno,450.0,120,80,boa,normal
52,masculino,32,engenheiro(a),8,45,3,peso normal,70,8000,sem transtorno,450.0,120,80,boa,normal
53,masculino,32,medico(a),6,30,8,peso normal,72,5000,sem transtorno,360.0,125,80,moderada,normal
54,masculino,32,medico(a),7,75,6,peso normal,70,8000,sem transtorno,456.0,120,80,boa,normal
55,masculino,32,medico(a),6,30,8,peso normal,72,5000,sem transtorno,360.0,125,80,moderada,normal
56,masculino,32,medico(a),6,30,8,peso normal,72,5000,sem transtorno,360.0,125,80,moderada,normal
57,masculino,32,medico(a),7,75,6,peso normal,70,8000,sem transtorno,462.0,120,80,boa,normal
58,masculino,32,medico(a),6,30,8,peso normal,72,5000,sem transtorno,360.0,125,80,moderada,normal
59,masculino,32,medico(a),6,30,8,peso normal,72,5000,sem transtorno,360.0,125,80,moderada,normal
60,masculino,32,medico(a),7,75,6,peso normal,70,8000,sem transtorno,462.0,120,80,boa,normal
61,masculino,32,medico(a),6,30,8,peso normal,72,5000,sem transtorno,360.0,125,80,moderada,normal
62,masculino,32,medico(a),6,30,8,peso normal,72,5000,sem transtorno,360.0,125,80,moderada,normal
63,masculino,32,medico(a),6,30,8,peso normal,72,5000,sem transtorno,372.0,125,80,moderada,normal
64,masculino,32,medico(a),6,30,8,peso normal,72,5000,sem transtorno,372.0,125,80,moderada,normal
65,masculino,32,medico(a),6,30,8,peso normal,72,5000,sem transtorno,372.0,125,80,moderada,normal
66,masculino,32,medico(a),6,30,8,peso normal,72,5000,sem transtorno,372.0,125,80,moderada,normal
67,masculino,32,contador(a),8,50,6,peso normal,68,7000,sem transtorno,432.0,118,76,boa,normal
68,masculino,33,medico(a),6,30,8,peso normal,72,5000,com transtorno,360.0,125,80,moderada,normal
69,feminino,33,cientista,6,50,6,sobrepeso,76,5500,sem transtorno,372.0,128,85,moderada,pré-hipertensão
70,feminino,33,cientista,6,50,6,sobrepeso,76,5500,sem transtorno,372.0,128,85,moderada,pré-hipertensão
71,masculino,33,medico(a),6,30,8,peso normal,72,5000,sem transtorno,366.0,125,80,moderada,normal
72,masculino,33,medico(a),6,30,8,peso normal,72,5000,sem transtorno,366.0,125,80,moderada,normal
73,masculino,33,medico(a),6,30,8,peso normal,72,5000,sem transtorno,366.0,125,80,moderada,normal
74,masculino,33,medico(a),6,30,8,peso normal,72,5000,sem transtorno,366.0,125,80,moderada,normal
75,masculino,33,medico(a),6,30,8,peso normal,72,5000,sem transtorno,360.0,125,80,moderada,normal
76,masculino,33,medico(a),6,30,8,peso normal,72,5000,sem transtorno,360.0,125,80,moderada,normal
77,masculino,33,medico(a),6,30,8,peso normal,72,5000,sem transtorno,360.0,125,80,moderada,normal
78,masculino,33,medico(a),6,30,8,peso normal,72,5000,sem transtorno,360.0,125,80,moderada,normal
79,masculino,33,medico(a),6,30,8,peso normal,72,5000,sem transtorno,360.0,125,80,moderada,normal
80,masculino,33,medico(a),6,30,8,peso normal,72,5000,sem transtorno,360.0,125,80,moderada,normal
81,feminino,34,cientista,4,32,8,sobrepeso,81,5200,com transtorno,348.0,131,86,ruim,pré-hipertensão
82,feminino,34,cientista,4,32,8,sobrepeso,81,5200,com transtorno,348.0,131,86,ruim,pré-hipertensão
83,masculino,35,professor(a),7,40,5,sobrepeso,70,5600,sem transtorno,402.0,128,84,boa,pré-hipertensão
84,masculino,35,professor(a),7,40,5,sobrepeso,70,5600,sem transtorno,402.0,128,84,boa,pré-hipertensão
85,masculino,35,engenheiro(a) de software,8,60,5,peso normal,70,8000,sem transtorno,450.0,120,80,boa,normal
86,feminino,35,contador(a),8,60,4,peso normal,68,7000,sem transtorno,432.0,115,75,boa,normal
87,masculino,35,engenheiro(a),8,60,4,peso normal,65,5000,sem transtorno,432.0,125,80,boa,normal
88,masculino,35,engenheiro(a),8,60,4,peso normal,65,5000,sem transtorno,432.0,125,80,boa,normal
89,masculino,35,engenheiro(a),8,60,4,peso normal,65,5000,sem transtorno,438.0,125,80,boa,normal
90,masculino,35,engenheiro(a),8,60,4,peso normal,65,5000,sem transtorno,438.0,125,80,boa,normal
91,masculino,35,engenheiro(a),8,60,4,peso normal,65,5000,sem transtorno,438.0,125,80,boa,normal
92,masculino,35,engenheiro(a),8,60,4,peso normal,65,5000,sem transtorno,438.0,125,80,boa,normal
93,masculino,35,engenheiro(a) de software,8,60,5,peso normal,70,8000,sem transtorno,450.0,120,80,boa,normal
94,masculino,35,advogado(a),7,60,5,obesidade,84,3300,com transtorno,444.0,135,88,boa,pré-hipertensão
95,feminino,36,contador(a),8,60,4,peso normal,68,7000,com transtorno,432.0,115,75,boa,normal
96,feminino,36,contador(a),8,60,4,peso normal,68,7000,sem transtorno,426.0,115,75,boa,normal
97,feminino,36,contador(a),8,60,4,peso normal,68,7000,sem transtorno,432.0,115,75,boa,normal
98,feminino,36,contador(a),8,60,4,peso normal,68,7000,sem transtorno,426.0,115,75,boa,normal
99,feminino,36,professor(a),8,60,4,peso normal,68,7000,sem transtorno,426.0,115,75,boa,normal
100,feminino,36,professor(a),8,60,4,peso normal,68,7000,sem transtorno,426.0,115,75,boa,normal
101,feminino,36,professor(a),8,60,4,peso normal,68,7000,sem transtorno,432.0,115,75,boa,normal
102,feminino,36,professor(a),8,60,4,peso normal,68,7000,sem transtorno,432.0,115,75,boa,normal
103,feminino,36,professor(a),8,60,4,peso normal,68,7000,sem transtorno,432.0,115,75,boa,normal
104,masculino,36,professor(a),5,35,7,sobrepeso,74,4800,com transtorno,396.0,129,84,moderada,pré-hipertensão
105,feminino,36,professor(a),8,60,4,peso normal,68,7000,com transtorno,432.0,115,75,boa,normal
106,masculino,36,professor(a),5,35,7,sobrepeso,74,4800,com transtorno,396.0,129,84,moderada,pré-hipertensão
107,feminino,37,enfermeiro(a),6,42,6,sobrepeso,77,4200,sem transtorno,366.0,126,83,moderada,pré-hipertensão
108,masculino,37,engenheiro(a),8,70,4,peso normal,68,7000,sem transtorno,468.0,120,80,boa,normal
109,masculino,37,engenheiro(a),8,70,4,peso normal,68,7000,sem transtorno,468.0,120,80,boa,normal
110,masculino,37,advogado(a),8,60,5,peso normal,68,8000,sem transtorno,444.0,130,85,boa,pré-hipertensão
111,feminino,37,contador(a),8,60,4,peso normal,68,7000,sem transtorno,432.0,115,75,boa,normal
112,masculino,37,advogado(a),8,60,5,peso normal,68,8000,sem transtorno,444.0,130,85,boa,pré-hipertensão
113,feminino,37,contador(a),8,60,4,peso normal,68,7000,sem transtorno,432.0,115,75,boa,normal
114,masculino,37,advogado(a),8,60,5,peso normal,68,8000,sem transtorno,444.0,130,85,boa,pré-hipertensão
115,feminino,37,contador(a),8,60,4,peso normal,68,7000,sem transtorno,432.0,115,75,boa,normal
116,feminino,37,contador(a),8,60,4,peso normal,68,7000,sem transtorno,432.0,115,75,boa,normal
117,feminino,37,contador(a),8,60,4,peso normal,68,7000,sem transtorno,432.0,115,75,boa,normal
118,feminino,37,contador(a),8,60,4,peso normal,68,7000,sem transtorno,432.0,115,75,boa,normal
119,feminino,37,contador(a),8,60,4,peso normal,68,7000,sem transtorno,432.0,115,75,boa,normal
120,feminino,37,contador(a),8,60,4,peso normal,68,7000,sem transtorno,432.0,115,75,boa,normal
121,feminino,37,contador(a),8,60,4,peso normal,68,7000,sem transtorno,432.0,115,75,boa,normal
122,feminino,37,contador(a),8,60,4,peso normal,68,7000,sem transtorno,432.0,115,75,boa,normal
123,feminino,37,contador(a),8,60,4,peso normal,68,7000,sem transtorno,432.0,115,75,boa,normal
124,feminino,37,contador(a),8,60,4,peso normal,68,7000,sem transtorno,432.0,115,75,boa,normal
125,feminino,37,contador(a),8,60,4,peso normal,68,7000,sem transtorno,432.0,115,75,boa,normal
126,feminino,37,enfermeiro(a),8,60,4,peso normal,70,8000,sem transtorno,450.0,120,80,boa,normal
127,masculino,38,advogado(a),8,60,5,peso normal,68,8000,sem transtorno,438.0,130,85,boa,pré-hipertensão
128,feminino,38,contador(a),8,60,4,peso normal,68,7000,sem transtorno,426.0,115,75,boa,normal
129,masculino,38,advogado(a),8,60,5,peso normal,68,8000,sem transtorno,438.0,130,85,boa,pré-hipertensão
130,masculino,38,advogado(a),8,60,5,peso normal,68,8000,sem transtorno,438.0,130,85,boa,pré-hipertensão
131,feminino,38,contador(a),8,60,4,peso normal,68,7000,sem transtorno,426.0,115,75,boa,normal
132,masculino,38,advogado(a),8,60,5,peso normal,68,8000,sem transtorno,438.0,130,85,boa,pré-hipertensão
133,masculino,38,advogado(a),8,60,5,peso normal,68,8000,sem transtorno,438.0,130,85,boa,pré-hipertensão
134,feminino,38,contador(a),8,60,4,peso normal,68,7000,sem transtorno,426.0,115,75,boa,normal
135,masculino,38,advogado(a),8,60,5,peso normal,68,8000,sem transtorno,438.0,130,85,boa,pré-hipertensão
136,masculino,38,advogado(a),8,60,5,peso normal,68,8000,sem transtorno,438.0,130,85,boa,pré-hipertensão
137,feminino,38,contador(a),8,60,4,peso normal,68,7000,sem transtorno,426.0,115,75,boa,normal
138,masculino,38,advogado(a),8,60,5,peso normal,68,8000,sem transtorno,426.0,130,85,boa,pré-hipertensão
139,feminino,38,contador(a),8,60,4,peso normal,68,7000,sem transtorno,426.0,115,75,boa,normal
140,masculino,38,advogado(a),8,60,5,peso normal,68,8000,sem transtorno,426.0,130,85,boa,pré-hipertensão
141,feminino,38,contador(a),8,60,4,peso normal,68,7000,sem transtorno,426.0,115,75,boa,normal
142,masculino,38,advogado(a),8,60,5,peso normal,68,8000,sem transtorno,426.0,130,85,boa,pré-hipertensão
143,feminino,38,contador(a),8,60,4,peso normal,68,7000,sem transtorno,426.0,115,75,boa,normal
144,feminino,38,contador(a),8,60,4,peso normal,68,7000,sem transtorno,426.0,115,75,boa,normal
145,masculino,38,advogado(a),8,60,5,peso normal,68,8000,com transtorno,426.0,130,85,boa,pré-hipertensão
146,feminino,38,advogado(a),7,60,5,obesidade,84,3300,com transtorno,444.0,135,88,boa,pré-hipertensão
147,masculino,39,advogado(a),8,60,5,peso normal,68,8000,com transtorno,432.0,130,85,boa,pré-hipertensão
148,masculino,39,engenheiro(a),5,40,7,sobrepeso,80,4000,com transtorno,390.0,132,87,moderada,pré-hipertensão
149,feminino,39,advogado(a),7,50,6,peso normal,75,5500,sem transtorno,414.0,128,85,boa,pré-hipertensão
150,feminino,39,contador(a),9,80,3,peso normal,67,7500,sem transtorno,480.0,115,78,boa,normal
151,feminino,39,contador(a),9,80,3,peso normal,67,7500,sem transtorno,480.0,115,78,boa,normal
152,masculino,39,advogado(a),8,60,5,peso normal,68,8000,sem transtorno,432.0,130,85,boa,pré-hipertensão
153,masculino,39,advogado(a),8,60,5,peso normal,68,8000,sem transtorno,432.0,130,85,boa,pré-hipertensão
154,masculino,39,advogado(a),8,60,5,peso normal,68,8000,sem transtorno,432.0,130,85,boa,pré-hipertensão
155,masculino,39,advogado(a),8,60,5,peso normal,68,8000,sem transtorno,432.0,130,85,boa,pré-hipertensão
156,masculino,39,advogado(a),8,60,5,peso normal,68,8000,sem transtorno,432.0,130,85,boa,pré-hipertensão
157,masculino,39,advogado(a),8,60,5,peso normal,68,8000,sem transtorno,432.0,130,85,boa,pré-hipertensão
158,masculino,39,advogado(a),8,60,5,peso normal,68,8000,sem transtorno,432.0,130,85,boa,pré-hipertensão
159,masculino,39,advogado(a),8,60,5,peso normal,68,8000,sem transtorno,432.0,130,85,boa,pré-hipertensão
160,masculino,39,advogado(a),8,60,5,peso normal,68,8000,sem transtorno,432.0,130,85,boa,pré-hipertensão
161,masculino,39,advogado(a),8,60,5,peso normal,68,8000,sem transtorno,432.0,130,85,boa,pré-hipertensão
162,feminino,40,contador(a),8,55,6,peso normal,73,7300,sem transtorno,432.0,119,77,boa,normal
163,feminino,40,contador(a),8,55,6,peso normal,73,7300,sem transtorno,432.0,119,77,boa,normal
164,masculino,40,advogado(a),8,90,5,peso normal,68,8000,sem transtorno,474.0,130,85,boa,pré-hipertensão
165,masculino,40,advogado(a),8,90,5,peso normal,68,8000,sem transtorno,474.0,130,85,boa,pré-hipertensão
166,masculino,41,advogado(a),8,90,5,peso normal,70,8000,com transtorno,456.0,130,85,boa,pré-hipertensão
167,masculino,41,engenheiro(a),8,70,6,peso normal,72,6200,sem transtorno,438.0,121,79,boa,normal
168,masculino,41,advogado(a),7,55,6,sobrepeso,72,6000,sem transtorno,426.0,125,82,boa,pré-hipertensão
169,masculino,41,advogado(a),7,55,6,sobrepeso,72,6000,sem transtorno,426.0,125,82,boa,pré-hipertensão
170,masculino,41,advogado(a),8,90,5,peso normal,70,8000,sem transtorno,462.0,130,85,boa,pré-hipertensão
171,masculino,41,advogado(a),8,90,5,peso normal,70,8000,sem transtorno,462.0,130,85,boa,pré-hipertensão
172,masculino,41,advogado(a),8,90,5,peso normal,70,8000,sem transtorno,462.0,130,85,boa,pré-hipertensão
173,masculino,41,advogado(a),8,90,5,peso normal,70,8000,sem transtorno,462.0,130,85,boa,pré-hipertensão
174,masculino,41,advogado(a),8,90,5,peso normal,70,8000,sem transtorno,462.0,130,85,boa,pré-hipertensão
175,masculino,41,advogado(a),8,90,5,peso normal,70,8000,sem transtorno,456.0,130,85,boa,pré-hipertensão
176,masculino,41,advogado(a),8,90,5,peso normal,70,8000,sem transtorno,456.0,130,85,boa,pré-hipertensão
177,masculino,41,advogado(a),8,90,5,peso normal,70,8000,sem transtorno,456.0,130,85,boa,pré-hipertensão
178,masculino,42,vendedor(a),6,45,7,sobrepeso,72,6000,com transtorno,390.0,130,85,moderada,pré-hipertensão
179,masculino,42,advogado(a),8,90,5,peso normal,70,8000,sem transtorno,468.0,130,85,boa,pré-hipertensão
180,masculino,42,advogado(a),8,90,5,peso normal,70,8000,sem transtorno,468.0,130,85,boa,pré-hipertensão
181,masculino,42,advogado(a),8,90,5,peso normal,70,8000,sem transtorno,468.0,130,85,boa,pré-hipertensão
182,masculino,42,advogado(a),8,90,5,peso normal,70,8000,sem transtorno,468.0,130,85,boa,pré-hipertensão
183,masculino,42,advogado(a),8,90,5,peso normal,70,8000,sem transtorno,468.0,130,85,boa,pré-hipertensão
184,masculino,42,advogado(a),8,90,5,peso normal,70,8000,sem transtorno,468.0,130,85,boa,pré-hipertensão
185,feminino,42,professor(a),6,45,7,sobrepeso,78,5000,com transtorno,408.0,130,85,moderada,pré-hipertensão
186,feminino,42,professor(a),6,45,7,sobrepeso,78,5000,com transtorno,408.0,130,85,moderada,pré-hipertensão
187,feminino,43,professor(a),7,45,4,sobrepeso,65,6000,com transtorno,402.0,135,90,boa,normal
188,masculino,43,vendedor(a),6,45,7,sobrepeso,72,6000,com transtorno,378.0,130,85,moderada,pré-hipertensão
189,feminino,43,professor(a),7,45,4,sobrepeso,65,6000,com transtorno,402.0,135,90,boa,normal
190,masculino,43,vendedor(a),6,45,7,sobrepeso,72,6000,com transtorno,390.0,130,85,moderada,pré-hipertensão
191,feminino,43,professor(a),7,45,4,sobrepeso,65,6000,com transtorno,402.0,135,90,boa,normal
192,masculino,43,vendedor(a),6,45,7,sobrepeso,72,6000,com transtorno,384.0,130,85,moderada,pré-hipertensão
193,masculino,43,vendedor(a),6,45,7,sobrepeso,72,6000,com transtorno,390.0,130,85,moderada,pré-hipertensão
194,masculino,43,vendedor(a),6,45,7,sobrepeso,72,6000,com transtorno,390.0,130,85,moderada,pré-hipertensão
195,masculino,43,vendedor(a),6,45,7,sobrepeso,72,6000,com transtorno,390.0,130,85,moderada,pré-hipertensão
196,masculino,43,vendedor(a),6,45,7,sobrepeso,72,6000,com transtorno,390.0,130,85,moderada,pré-hipertensão
197,masculino,43,vendedor(a),6,45,7,sobrepeso,72,6000,com transtorno,390.0,130,85,moderada,pré-hipertensão
198,masculino,43,vendedor(a),6,45,7,sobrepeso,72,6000,com transtorno,390.0,130,85,moderada,pré-hipertensão
199,masculino,43,vendedor(a),6,45,7,sobrepeso,72,6000,com transtorno,390.0,130,85,moderada,pré-hipertensão
200,masculino,43,vendedor(a),6,45,7,sobrepeso,72,6000,com transtorno,390.0,130,85,moderada,pré-hipertensão
201,masculino,43,vendedor(a),6,45,7,sobrepeso,72,6000,com transtorno,390.0,130,85,moderada,pré-hipertensão
202,masculino,43,engenheiro(a),8,90,5,peso normal,70,8000,com transtorno,468.0,130,85,boa,pré-hipertensão
203,masculino,43,engenheiro(a),8,90,5,peso normal,70,8000,com transtorno,468.0,130,85,boa,pré-hipertensão
204,masculino,43,engenheiro(a),6,47,7,peso normal,69,6800,sem transtorno,414.0,117,76,moderada,normal
205,masculino,43,engenheiro(a),8,75,4,sobrepeso,68,6800,sem transtorno,456.0,122,80,boa,normal
206,masculino,43,engenheiro(a),8,90,5,peso normal,70,8000,sem transtorno,462.0,130,85,boa,pré-hipertensão
207,masculino,43,engenheiro(a),8,90,5,peso normal,70,8000,sem transtorno,462.0,130,85,boa,pré-hipertensão
208,masculino,43,engenheiro(a),8,90,5,peso normal,70,8000,sem transtorno,462.0,130,85,boa,pré-hipertensão
209,masculino,43,engenheiro(a),8,90,5,peso normal,70,8000,sem transtorno,462.0,130,85,boa,pré-hipertensão
210,masculino,43,engenheiro(a),8,90,5,peso normal,70,8000,sem transtorno,468.0,130,85,boa,pré-hipertensão
211,masculino,43,engenheiro(a),8,90,5,peso normal,70,8000,sem transtorno,462.0,130,85,boa,pré-hipertensão
212,masculino,43,engenheiro(a),8,90,5,peso normal,70,8000,sem transtorno,468.0,130,85,boa,pré-hipertensão
213,masculino,43,engenheiro(a),8,90,5,peso normal,70,8000,sem transtorno,468.0,130,85,boa,pré-hipertensão
214,masculino,43,engenheiro(a),8,90,5,peso normal,70,8000,sem transtorno,468.0,130,85,boa,pré-hipertensão
215,masculino,43,engenheiro(a),8,90,5,peso normal,70,8000,sem transtorno,468.0,130,85,boa,pré-hipertensão
216,masculino,43,engenheiro(a),8,90,5,peso normal,70,8000,sem transtorno,468.0,130,85,boa,pré-hipertensão
217,masculino,43,engenheiro(a),8,90,5,peso normal,70,8000,sem transtorno,468.0,130,85,boa,pré-hipertensão
218,masculino,43,engenheiro(a),8,90,5,peso normal,70,8000,sem transtorno,468.0,130,85,boa,pré-hipertensão
219,masculino,43,engenheiro(a),8,90,5,peso normal,70,8000,com transtorno,468.0,130,85,boa,pré-hipertensão
220,masculino,43,vendedor(a),6,45,7,sobrepeso,72,6000,com transtorno,390.0,130,85,moderada,pré-hipertensão
221,feminino,44,professor(a),7,45,4,sobrepeso,65,6000,com transtorno,396.0,135,90,boa,normal
222,masculino,44,vendedor(a),6,45,7,sobrepeso,72,6000,com transtorno,384.0,130,85,moderada,pré-hipertensão
223,masculino,44,vendedor(a),6,45,7,sobrepeso,72,6000,com transtorno,378.0,130,85,moderada,pré-hipertensão
224,masculino,44,vendedor(a),6,45,7,sobrepeso,72,6000,com transtorno,384.0,130,85,moderada,pré-hipertensão
225,feminino,44,professor(a),7,45,4,sobrepeso,65,6000,com transtorno,396.0,135,90,boa,normal
226,masculino,44,vendedor(a),6,45,7,sobrepeso,72,6000,com transtorno,378.0,130,85,moderada,pré-hipertensão
227,feminino,44,professor(a),7,45,4,sobrepeso,65,6000,com transtorno,396.0,135,90,boa,normal
228,masculino,44,vendedor(a),6,45,7,sobrepeso,72,6000,com transtorno,378.0,130,85,moderada,pré-hipertensão
229,feminino,44,professor(a),7,45,4,sobrepeso,65,6000,com transtorno,396.0,135,90,boa,normal
230,masculino,44,vendedor(a),6,45,7,sobrepeso,72,6000,com transtorno,378.0,130,85,moderada,pré-hipertensão
231,feminino,44,professor(a),7,45,4,sobrepeso,65,6000,com transtorno,396.0,135,90,boa,normal
232,masculino,44,vendedor(a),6,45,7,sobrepeso,72,6000,com transtorno,378.0,130,85,moderada,pré-hipertensão
233,feminino,44,professor(a),7,45,4,sobrepeso,65,6000,com transtorno,396.0,135,90,boa,normal
234,masculino,44,vendedor(a),6,45,7,sobrepeso,72,6000,com transtorno,378.0,130,85,moderada,pré-hipertensão
235,feminino,44,professor(a),7,45,4,sobrepeso,65,6000,com transtorno,396.0,135,90,boa,normal
236,masculino,44,vendedor(a),6,45,7,sobrepeso,72,6000,com transtorno,378.0,130,85,moderada,pré-hipertensão
237,masculino,44,vendedor(a),6,45,7,sobrepeso,72,6000,com transtorno,384.0,130,85,moderada,pré-hipertensão
238,feminino,44,professor(a),7,45,4,sobrepeso,65,6000,com transtorno,390.0,135,90,boa,normal
239,masculino,44,vendedor(a),6,45,7,sobrepeso,72,6000,com transtorno,378.0,130,85,moderada,pré-hipertensão
240,masculino,44,vendedor(a),6,45,7,sobrepeso,72,6000,com transtorno,384.0,130,85,moderada,pré-hipertensão
241,feminino,44,professor(a),7,45,4,sobrepeso,65,6000,com transtorno,390.0,135,90,boa,normal
242,masculino,44,vendedor(a),6,45,7,sobrepeso,72,6000,com transtorno,378.0,130,85,moderada,pré-hipertensão
243,masculino,44,vendedor(a),6,45,7,sobrepeso,72,6000,com transtorno,384.0,130,85,moderada,pré-hipertensão
244,feminino,44,professor(a),7,45,4,sobrepeso,65,6000,com transtorno,390.0,135,90,boa,normal
245,masculino,44,vendedor(a),6,45,7,sobrepeso,72,6000,com transtorno,378.0,130,85,moderada,pré-hipertensão
246,feminino,44,professor(a),7,45,4,sobrepeso,65,6000,com transtorno,390.0,135,90,boa,normal
247,masculino,44,vendedor(a),6,45,7,sobrepeso,72,6000,com transtorno,378.0,130,85,moderada,pré-hipertensão
248,masculino,44,engenheiro(a),7,45,7,sobrepeso,78,5000,com transtorno,408.0,130,85,boa,pré-hipertensão
249,masculino,44,vendedor(a),6,45,7,sobrepeso,72,6000,sem transtorno,384.0,130,85,moderada,pré-hipertensão
250,masculino,44,vendedor(a),6,45,7,sobrepeso,72,6000,sem transtorno,390.0,130,85,moderada,pré-hipertensão
251,feminino,45,professor(a),7,30,6,sobrepeso,65,6000,com transtorno,408.0,135,90,boa,normal
252,feminino,45,professor(a),7,30,6,sobrepeso,65,6000,com transtorno,408.0,135,90,boa,normal
253,feminino,45,professor(a),7,45,4,sobrepeso,65,6000,com transtorno,390.0,135,90,boa,normal
254,feminino,45,professor(a),7,45,4,sobrepeso,65,6000,com transtorno,390.0,135,90,boa,normal
255,feminino,45,professor(a),7,45,4,sobrepeso,65,6000,com transtorno,390.0,135,90,boa,normal
256,feminino,45,professor(a),7,45,4,sobrepeso,65,6000,com transtorno,390.0,135,90,boa,normal
257,feminino,45,professor(a),7,45,4,sobrepeso,65,6000,com transtorno,396.0,135,90,boa,normal
258,feminino,45,professor(a),7,45,4,sobrepeso,65,6000,com transtorno,396.0,135,90,boa,normal
259,feminino,45,professor(a),7,45,4,sobrepeso,65,6000,com transtorno,396.0,135,90,boa,normal
260,feminino,45,professor(a),7,45,4,sobrepeso,65,6000,com transtorno,396.0,135,90,boa,normal
261,feminino,45,professor(a),7,45,4,sobrepeso,65,6000,com transtorno,396.0,135,90,boa,normal
262,feminino,45,professor(a),7,45,4,sobrepeso,65,6000,sem transtorno,396.0,135,90,boa,normal
263,feminino,45,professor(a),7,45,4,sobrepeso,65,6000,sem transtorno,396.0,135,90,boa,normal
264,feminino,45,gerente,7,55,5,sobrepeso,75,5500,sem transtorno,414.0,125,82,boa,pré-hipertensão
265,masculino,48,medico(a),7,65,5,obesidade,83,3500,com transtorno,438.0,142,92,boa,hipertensão estágio 1
266,feminino,48,enfermeiro(a),6,90,8,sobrepeso,75,10000,com transtorno,354.0,140,95,moderada,hipertensão estágio 1
267,masculino,48,medico(a),7,65,5,obesidade,83,3500,com transtorno,438.0,142,92,boa,hipertensão estágio 1
268,feminino,49,enfermeiro(a),6,90,8,sobrepeso,75,10000,sem transtorno,372.0,140,95,moderada,hipertensão estágio 1
269,feminino,49,enfermeiro(a),6,90,8,sobrepeso,75,10000,com transtorno,360.0,140,95,moderada,hipertensão estágio 1
270,feminino,49,enfermeiro(a),6,90,8,sobrepeso,75,10000,com transtorno,366.0,140,95,moderada,hipertensão estágio 1
271,feminino,49,enfermeiro(a),6,90,8,sobrepeso,75,10000,com transtorno,366.0,140,95,moderada,hipertensão estágio 1
272,feminino,49,enfermeiro(a),6,90,8,sobrepeso,75,10000,com transtorno,366.0,140,95,moderada,hipertensão estágio 1
273,feminino,49,enfermeiro(a),6,90,8,sobrepeso,75,10000,com transtorno,366.0,140,95,moderada,hipertensão estágio 1
274,feminino,49,enfermeiro(a),6,90,8,sobrepeso,75,10000,com transtorno,372.0,140,95,moderada,hipertensão estágio 1
275,feminino,49,enfermeiro(a),6,90,8,sobrepeso,75,10000,com transtorno,372.0,140,95,moderada,hipertensão estágio 1
276,feminino,49,enfermeiro(a),6,90,8,sobrepeso,75,10000,com transtorno,372.0,140,95,moderada,hipertensão estágio 1
277,masculino,49,medico(a),9,85,3,obesidade,86,3700,com transtorno,486.0,139,91,boa,normal
278,masculino,49,medico(a),9,85,3,obesidade,86,3700,com transtorno,486.0,139,91,boa,normal
279,feminino,50,enfermeiro(a),6,90,8,sobrepeso,75,10000,com transtorno,366.0,140,95,moderada,hipertensão estágio 1
280,feminino,50,engenheiro(a),9,30,3,peso normal,65,5000,sem transtorno,498.00000000000006,125,80,boa,normal
281,feminino,50,enfermeiro(a),6,90,8,sobrepeso,75,10000,sem transtorno,360.0,140,95,moderada,hipertensão estágio 1
282,feminino,50,enfermeiro(a),6,90,8,sobrepeso,75,10000,com transtorno,366.0,140,95,moderada,hipertensão estágio 1
283,feminino,50,enfermeiro(a),6,90,8,sobrepeso,75,10000,com transtorno,360.0,140,95,moderada,hipertensão estágio 1
284,feminino,50,enfermeiro(a),6,90,8,sobrepeso,75,10000,com transtorno,360.0,140,95,moderada,hipertensão estágio 1
285,feminino,50,enfermeiro(a),6,90,8,sobrepeso,75,10000,com transtorno,360.0,140,95,moderada,hipertensão estágio 1
286,feminino,50,enfermeiro(a),6,90,8,sobrepeso,75,10000,com transtorno,360.0,140,95,moderada,hipertensão estágio 1
287,feminino,50,enfermeiro(a),6,90,8,sobrepeso,75,10000,com transtorno,360.0,140,95,moderada,hipertensão estágio 1
288,feminino,50,enfermeiro(a),6,90,8,sobrepeso,75,10000,com transtorno,360.0,140,95,moderada,hipertensão estágio 1
289,feminino,50,enfermeiro(a),6,90,8,sobrepeso,75,10000,com transtorno,360.0,140,95,moderada,hipertensão estágio 1
290,feminino,50,enfermeiro(a),6,90,8,sobrepeso,75,10000,com transtorno,366.0,140,95,moderada,hipertensão estágio 1
291,feminino,50,enfermeiro(a),6,90,8,sobrepeso,75,10000,com transtorno,360.0,140,95,moderada,hipertensão estágio 1
292,feminino,50,enfermeiro(a),6,90,8,sobrepeso,75,10000,com transtorno,366.0,140,95,moderada,hipertensão estágio 1
293,feminino,50,enfermeiro(a),6,90,8,sobrepeso,75,10000,com transtorno,366.0,140,95,moderada,hipertensão estágio 1
294,feminino,50,enfermeiro(a),6,90,8,sobrepeso,75,10000,com transtorno,360.0,140,95,moderada,hipertensão estágio 1
295,feminino,50,enfermeiro(a),6,90,8,sobrepeso,75,10000,com transtorno,366.0,140,95,moderada,hipertensão estágio 1
296,feminino,50,enfermeiro(a),6,90,8,sobrepeso,75,10000,com transtorno,360.0,140,95,moderada,hipertensão estágio 1
297,feminino,50,enfermeiro(a),6,90,8,sobrepeso,75,10000,com transtorno,366.0,140,95,moderada,hipertensão estágio 1
298,feminino,50,enfermeiro(a),6,90,8,sobrepeso,75,10000,com transtorno,366.0,140,95,moderada,hipertensão estágio 1
299,feminino,51,engenheiro(a),9,30,3,peso normal,65,5000,sem transtorno,510.0,125,80,boa,normal
300,feminino,51,engenheiro(a),9,30,3,peso normal,65,5000,sem transtorno,510.0,125,80,boa,normal
301,feminino,51,engenheiro(a),9,30,3,peso normal,65,5000,sem transtorno,510.0,125,80,boa,normal
302,feminino,51,engenheiro(a),9,30,3,peso normal,65,5000,sem transtorno,510.0,125,80,boa,normal
303,feminino,51,enfermeiro(a),7,55,6,peso normal,72,6000,sem transtorno,426.0,125,82,boa,pré-hipertensão
304,feminino,51,enfermeiro(a),6,90,8,sobrepeso,75,10000,com transtorno,360.0,140,95,moderada,hipertensão estágio 1
305,feminino,51,enfermeiro(a),6,90,8,sobrepeso,75,10000,com transtorno,366.0,140,95,moderada,hipertensão estágio 1
306,feminino,51,enfermeiro(a),6,90,8,sobrepeso,75,10000,com transtorno,366.0,140,95,moderada,hipertensão estágio 1
307,feminino,52,contador(a),7,45,7,sobrepeso,72,6000,com transtorno,390.0,130,85,boa,pré-hipertensão
308,feminino,52,contador(a),7,45,7,sobrepeso,72,6000,com transtorno,390.0,130,85,boa,pré-hipertensão
309,feminino,52,contador(a),7,45,7,sobrepeso,72,6000,com transtorno,396.0,130,85,boa,pré-hipertensão
310,feminino,52,contador(a),7,45,7,sobrepeso,72,6000,com transtorno,396.0,130,85,boa,pré-hipertensão
311,feminino,52,contador(a),7,45,7,sobrepeso,72,6000,com transtorno,396.0,130,85,boa,pré-hipertensão
312,feminino,52,contador(a),7,45,7,sobrepeso,72,6000,com transtorno,396.0,130,85,boa,pré-hipertensão
313,feminino,52,engenheiro(a),9,30,3,peso normal,65,5000,sem transtorno,504.0,125,80,boa,normal
314,feminino,52,engenheiro(a),9,30,3,peso normal,65,5000,sem transtorno,504.0,125,80,boa,normal
315,feminino,52,engenheiro(a),9,30,3,peso normal,65,5000,sem transtorno,504.0,125,80,boa,normal
316,feminino,53,engenheiro(a),9,30,3,peso normal,65,5000,com transtorno,498.00000000000006,125,80,boa,normal
317,feminino,53,engenheiro(a),9,30,3,peso normal,65,5000,sem transtorno,510.0,125,80,boa,normal
318,feminino,53,engenheiro(a),9,30,3,peso normal,65,5000,sem transtorno,510.0,125,80,boa,normal
319,feminino,53,engenheiro(a),9,30,3,peso normal,65,5000,sem transtorno,504.0,125,80,boa,normal
320,feminino,53,engenheiro(a),9,30,3,peso normal,65,5000,sem transtorno,504.0,125,80,boa,normal
321,feminino,53,engenheiro(a),9,30,3,peso normal,65,5000,sem transtorno,510.0,125,80,boa,normal
322,feminino,53,engenheiro(a),9,30,3,peso normal,65,5000,sem transtorno,504.0,125,80,boa,normal
323,feminino,53,engenheiro(a),9,30,3,peso normal,65,5000,sem transtorno,504.0,125,80,boa,normal
324,feminino,53,engenheiro(a),9,30,3,peso normal,65,5000,sem transtorno,510.0,125,80,boa,normal
325,feminino,53,engenheiro(a),9,30,3,peso normal,65,5000,sem transtorno,498.00000000000006,125,80,boa,normal
326,feminino,53,engenheiro(a),9,30,3,peso normal,65,5000,sem transtorno,510.0,125,80,boa,normal
327,feminino,53,engenheiro(a),9,30,3,peso normal,65,5000,sem transtorno,498.00000000000006,125,80,boa,normal
328,feminino,53,engenheiro(a),9,30,3,peso normal,65,5000,sem transtorno,510.0,125,80,boa,normal
329,feminino,53,engenheiro(a),9,30,3,peso normal,65,5000,sem transtorno,498.00000000000006,125,80,boa,normal
330,feminino,53,engenheiro(a),9,30,3,peso normal,65,5000,sem transtorno,510.0,125,80,boa,normal
331,feminino,53,engenheiro(a),9,30,3,peso normal,65,5000,sem transtorno,510.0,125,80,boa,normal
332,feminino,53,engenheiro(a),9,30,3,peso normal,65,5000,sem transtorno,504.0,125,80,boa,normal
333,feminino,54,engenheiro(a),9,30,3,peso normal,65,5000,sem transtorno,504.0,125,80,boa,normal
334,feminino,54,engenheiro(a),9,30,3,peso normal,65,5000,sem transtorno,504.0,125,80,boa,normal
335,feminino,54,engenheiro(a),9,30,3,peso normal,65,5000,sem transtorno,504.0,125,80,boa,normal
336,feminino,54,engenheiro(a),9,30,3,peso normal,65,5000,sem transtorno,504.0,125,80,boa,normal
337,feminino,54,engenheiro(a),9,30,3,peso normal,65,5000,sem transtorno,504.0,125,80,boa,normal
338,feminino,54,engenheiro(a),9,30,3,peso normal,65,5000,sem transtorno,504.0,125,80,boa,normal
339,feminino,54,engenheiro(a),9,30,3,peso normal,65,5000,sem transtorno,510.0,125,80,boa,normal
340,feminino,55,enfermeiro(a),9,75,4,sobrepeso,72,5000,com transtorno,486.0,140,95,boa,hipertensão estágio 1
341,feminino,55,enfermeiro(a),9,75,4,sobrepeso,72,5000,com transtorno,486.0,140,95,boa,hipertensão estágio 1
342,feminino,56,medico(a),9,90,3,peso normal,65,10000,sem transtorno,491.99999999999994,118,75,boa,normal
343,feminino,56,medico(a),9,90,3,peso normal,65,10000,sem transtorno,491.99999999999994,118,75,boa,normal
344,feminino,57,enfermeiro(a),9,75,3,sobrepeso,68,7000,sem transtorno,486.0,140,95,boa,hipertensão estágio 1
345,feminino,57,enfermeiro(a),9,75,3,sobrepeso,68,7000,com transtorno,491.99999999999994,140,95,boa,hipertensão estágio 1
346,feminino,57,enfermeiro(a),9,75,3,sobrepeso,68,7000,com transtorno,491.99999999999994,140,95,boa,hipertensão estágio 1
347,feminino,57,enfermeiro(a),9,75,3,sobrepeso,68,7000,com transtorno,491.99999999999994,140,95,boa,hipertensão estágio 1
348,feminino,57,enfermeiro(a),9,75,3,sobrepeso,68,7000,com transtorno,491.99999999999994,140,95,boa,hipertensão estágio 1
349,feminino,57,enfermeiro(a),9,75,3,sobrepeso,68,7000,com transtorno,491.99999999999994,140,95,boa,hipertensão estágio 1
350,feminino,57,enfermeiro(a),9,75,3,sobrepeso,68,7000,com transtorno,486.0,140,95,boa,hipertensão estágio 1
351,feminino,57,enfermeiro(a),9,75,3,sobrepeso,68,7000,com transtorno,486.0,140,95,boa,hipertensão estágio 1
352,feminino,57,enfermeiro(a),9,75,3,sobrepeso,68,7000,com transtorno,486.0,140,95,boa,hipertensão estágio 1
353,feminino,58,enfermeiro(a),9,75,3,sobrepeso,68,7000,com transtorno,480.0,140,95,boa,hipertensão estágio 1
354,feminino,58,enfermeiro(a),9,75,3,sobrepeso,68,7000,com transtorno,480.0,140,95,boa,hipertensão estágio 1
355,feminino,58,enfermeiro(a),9,75,3,sobrepeso,68,7000,com transtorno,480.0,140,95,boa,hipertensão estágio 1
356,feminino,58,enfermeiro(a),9,75,3,sobrepeso,68,7000,com transtorno,480.0,140,95,boa,hipertensão estágio 1
357,feminino,58,enfermeiro(a),9,75,3,sobrepeso,68,7000,com transtorno,480.0,140,95,boa,hipertensão estágio 1
358,feminino,58,enfermeiro(a),9,75,3,sobrepeso,68,7000,com transtorno,480.0,140,95,boa,hipertensão estágio 1
359,feminino,59,enfermeiro(a),9,75,3,sobrepeso,68,7000,sem transtorno,480.0,140,95,boa,hipertensão estágio 1
360,feminino,59,enfermeiro(a),9,75,3,sobrepeso,68,7000,sem transtorno,486.0,140,95,boa,hipertensão estágio 1
361,feminino,59,enfermeiro(a),9,75,3,sobrepeso,68,7000,com transtorno,491.99999999999994,140,95,boa,hipertensão estágio 1
362,feminino,59,enfermeiro(a),9,75,3,sobrepeso,68,7000,com transtorno,491.99999999999994,140,95,boa,hipertensão estágio 1
363,feminino,59,enfermeiro(a),9,75,3,sobrepeso,68,7000,com transtorno,491.99999999999994,140,95,boa,hipertensão estágio 1
364,feminino,59,enfermeiro(a),9,75,3,sobrepeso,68,7000,com transtorno,491.99999999999994,140,95,boa,hipertensão estágio 1
365,feminino,59,enfermeiro(a),9,75,3,sobrepeso,68,7000,com transtorno,480.0,140,95,boa,hipertensão estágio 1
366,feminino,59,enfermeiro(a),9,75,3,sobrepeso,68,7000,com transtorno,480.0,140,95,boa,hipertensão estágio 1
367,feminino,59,enfermeiro(a),9,75,3,sobrepeso,68,7000,com transtorno,486.0,140,95,boa,hipertensão estágio 1
368,feminino,59,enfermeiro(a),9,75,3,sobrepeso,68,7000,com transtorno,480.0,140,95,boa,hipertensão estágio 1
369,feminino,59,enfermeiro(a),9,75,3,sobrepeso,68,7000,com transtorno,486.0,140,95,boa,hipertensão estágio 1
370,feminino,59,enfermeiro(a),9,75,3,sobrepeso,68,7000,com transtorno,486.0,140,95,boa,hipertensão estágio 1
371,feminino,59,enfermeiro(a),9,75,3,sobrepeso,68,7000,com transtorno,480.0,140,95,boa,hipertensão estágio 1
372,feminino,59,enfermeiro(a),9,75,3,sobrepeso,68,7000,com transtorno,486.0,140,95,boa,hipertensão estágio 1
373,feminino,59,enfermeiro(a),9,75,3,sobrepeso,68,7000,com transtorno,486.0,140,95,boa,hipertensão estágio 1
374,feminino,59,enfermeiro(a),9,75,3,sobrepeso,68,7000,com transtorno,486.0,140,95,boa,hipertensão estágio 1
